Type,Air temperature [K],Process temperature [K],Rotational speed [rpm],Torque [Nm],Tool wear [min],Machine failure,Failure Probability,Prediction
M,302.7,312.4,1422,44.5,49,0,0.0061424454,0
L,298.7,309.9,1593,42.5,146,0,0.0011081067,0
M,298.0,308.2,2090,19.0,143,0,0.0015950508,0
M,302.3,311.6,1608,39.9,136,0,0.00016454468,0
L,298.8,309.1,1512,40.7,156,0,0.0014565353,0
M,302.3,311.7,1494,37.1,114,0,0.00033159112,0
L,302.2,311.1,1470,39.6,97,0,0.00028190852,0
M,301.7,309.9,1457,39.2,192,0,0.0028789244,0
M,300.1,309.3,1469,43.9,20,0,0.00053701375,0
L,302.3,311.7,1414,47.0,11,0,0.0017859591,0
L,301.0,310.9,1296,54.9,69,0,0.01338592,0
L,302.0,311.0,1632,34.2,18,0,0.00027761748,0
M,303.0,311.1,1372,54.3,117,1,0.9856016,1
H,298.2,309.0,1371,55.7,23,0,0.0015517429,0
H,298.6,309.4,1362,45.3,56,0,0.0036276716,0
L,302.8,312.2,1746,27.4,44,0,0.00022693603,0
H,299.4,309.1,1373,44.1,81,0,0.0011363995,0
L,297.3,308.6,1297,45.9,184,0,0.0037926948,0
H,298.8,310.2,1455,44.9,107,0,0.0058320705,0
L,300.8,310.6,1402,53.7,93,0,0.0073287985,0
L,299.3,309.2,1775,24.2,125,0,0.0028773972,0
M,298.3,307.9,1485,42.0,117,0,0.00047377823,0
M,302.4,311.2,1330,58.6,201,0,0.4233806,0
M,300.6,309.8,1694,31.1,187,0,0.0042494647,0
M,300.1,309.4,1569,31.6,124,0,0.0007374946,0
L,298.9,308.2,2384,15.0,19,0,0.06990184,0
L,301.1,312.3,1682,29.7,83,0,0.0002711621,0
L,302.6,312.1,1344,51.0,206,0,0.28313822,0
M,302.5,311.9,1340,59.4,60,0,0.3758422,0
L,301.5,310.7,1618,35.5,218,0,0.35262042,0
M,299.3,309.3,1471,46.0,42,0,0.0012261437,0
L,301.2,309.9,1984,19.7,169,0,0.004867013,0
M,302.5,310.4,1429,43.2,191,0,0.00989151,0
M,301.9,310.9,1573,38.9,209,0,0.37949905,0
L,297.4,308.8,1473,46.2,167,0,0.001127827,0
L,301.1,310.8,1521,41.0,99,0,0.00084886583,0
M,299.6,309.2,1651,30.8,92,0,0.002782778,0
M,301.4,310.8,1530,39.9,107,0,0.000475631,0
M,300.8,311.2,1592,32.9,82,0,0.00038374975,0
L,299.9,309.2,1598,34.6,111,0,0.00047982638,0
L,298.9,310.1,2109,18.0,61,0,0.0037131892,0
L,299.7,309.2,1616,31.6,175,0,0.0022932037,0
M,303.7,312.3,1756,26.4,190,0,0.0008701485,0
M,300.4,311.4,1352,57.3,116,0,0.002691288,0
M,299.2,310.4,1502,39.8,34,0,0.00051842874,0
M,295.3,305.8,1589,36.2,184,0,0.0018504313,0
M,300.7,310.6,1418,46.3,84,0,0.011832273,0
H,298.9,309.2,1379,50.7,106,0,0.002528238,0
L,299.6,311.0,1554,36.3,62,0,0.000609777,0
L,299.0,310.3,1577,40.0,181,0,0.0007295402,0
M,300.5,309.9,1552,41.3,116,0,0.0026421666,0
M,297.9,309.9,1410,55.4,188,0,0.018034799,0
L,299.4,309.1,1766,24.6,158,0,0.0036721968,0
M,303.5,313.0,1403,51.9,77,0,0.004166337,0
L,300.9,311.5,1505,41.1,129,0,0.00027890975,0
L,297.4,308.3,1336,53.7,61,0,0.003611968,0
L,302.6,312.3,1647,31.8,52,0,0.00018519555,0
M,301.2,311.6,1423,48.0,199,0,0.006612573,0
L,298.0,308.6,1313,50.8,170,0,0.0030754225,0
L,304.2,313.6,1469,40.0,154,0,0.0014610376,0
L,300.7,312.4,1470,38.6,56,0,0.00031296085,0
L,299.0,308.6,1648,30.8,98,0,0.0010340711,0
L,298.1,308.7,1691,30.3,49,0,0.00047473278,0
L,302.3,311.7,1281,48.8,0,0,0.08349261,0
M,297.4,308.8,1325,62.4,204,1,0.88968426,1
M,302.9,312.5,1679,30.9,79,0,0.00092493306,0
L,298.8,309.8,1363,44.0,25,0,0.011944153,0
M,299.9,311.3,1389,50.0,55,0,0.0005220979,0
H,298.9,308.7,1353,48.1,79,0,0.00258605,0
M,302.5,311.0,1563,35.6,190,0,0.000999197,0
M,302.2,311.1,1728,34.0,179,0,0.0014560589,0
M,298.5,309.4,1365,48.7,56,0,0.0022797207,0
L,298.6,309.7,1429,45.8,113,0,0.015401317,0
M,301.0,310.1,1681,27.4,212,0,0.06747983,0
L,298.7,308.5,1616,30.2,34,0,0.00081556186,0
H,297.4,308.7,1726,26.8,158,0,0.0008861164,0
M,302.3,310.7,1544,39.7,141,0,0.0015833819,0
L,298.2,308.0,1658,30.0,3,0,0.00042899552,0
M,298.1,307.7,1419,47.4,142,0,0.004941672,0
L,302.0,310.8,1454,36.6,0,0,0.0012173819,0
M,298.0,308.7,1392,53.4,104,0,0.0017510651,0
M,300.6,309.4,1452,39.4,78,0,0.0033440397,0
L,298.7,310.3,1451,40.0,86,0,0.001654065,0
L,300.9,310.7,1427,44.1,141,0,0.001965928,0
L,300.6,310.8,1533,38.5,117,0,0.0016102485,0
M,300.9,309.7,1394,48.8,192,0,0.009780638,0
H,299.9,311.3,1413,41.8,153,0,0.00032020974,0
M,298.4,308.6,1527,40.9,96,0,0.0007152839,0
L,302.3,310.9,1529,33.4,62,0,0.0016169955,0
M,302.3,311.2,1507,47.7,70,0,0.0023972064,0
L,299.0,308.6,1429,37.7,126,0,0.007165967,0
L,297.3,308.1,1506,36.0,150,0,0.000788598,0
L,298.0,308.4,1911,22.0,13,0,0.00077312486,0
L,301.8,310.9,1521,39.3,197,0,0.0030087382,0
M,301.3,311.5,1648,32.4,0,0,0.00016181527,0
H,303.1,311.3,1494,42.7,221,0,0.025707856,0
H,300.1,311.4,1518,46.9,87,0,0.00024446647,0
L,297.8,309.9,1351,49.0,181,0,0.017703356,0
L,300.3,309.8,1523,39.2,24,0,0.0015371954,0
H,297.5,308.5,1671,28.0,158,0,0.0011928072,0
L,297.4,309.1,1478,49.8,150,0,0.0015718156,0
M,300.8,311.4,1852,22.2,53,0,0.0008448742,0
M,298.8,309.9,1331,61.6,46,0,0.19038668,0
L,302.3,311.5,1543,33.1,39,0,0.00035684372,0
L,301.4,311.0,1533,45.8,125,0,0.00032768174,0
L,297.9,307.3,1824,26.3,5,0,0.0006641542,0
L,301.2,310.8,1233,64.6,45,0,0.6394631,1
M,298.0,307.6,1569,35.6,173,0,0.0034142858,0
M,298.1,307.6,1764,27.7,23,0,0.0009989475,0
L,299.1,310.2,1317,54.8,231,1,0.99687827,1
M,298.1,308.8,1378,53.5,65,0,0.0014600118,0
M,302.7,312.0,1538,36.7,74,0,0.00092909986,0
L,301.8,311.2,1417,55.9,156,0,0.010187702,0
L,300.1,310.5,1627,29.2,95,0,0.00086778915,0
L,299.3,309.2,2280,15.4,207,0,0.7900666,1
H,301.7,310.1,1660,29.3,72,0,0.0010605338,0
L,303.2,311.5,1544,42.5,227,0,0.06896976,0
M,297.0,307.7,1498,47.1,199,0,0.0010964695,0
M,297.2,308.5,1584,40.0,4,0,0.00021221551,0
H,299.1,310.1,1421,41.2,149,0,0.0039660227,0
L,301.7,310.1,1487,48.0,36,0,0.017087584,0
L,303.4,312.7,1534,35.5,98,0,0.00078510575,0
M,304.2,313.5,1557,37.3,164,0,0.00082558865,0
L,304.1,313.1,1327,54.1,57,0,0.015279937,0
L,302.4,311.9,1290,70.0,139,1,0.9783844,1
M,300.7,310.8,1486,41.2,71,0,0.00090441655,0
L,297.8,309.7,1547,37.3,25,0,0.00032806591,0
M,302.5,312.0,1487,46.1,175,0,0.0010453754,0
H,298.0,307.9,1482,37.8,132,0,0.0009427372,0
M,298.2,308.9,1414,44.3,68,0,0.0019836295,0
L,297.4,308.4,1328,61.8,98,0,0.33646786,0
L,300.4,310.5,1402,54.3,44,0,0.004104786,0
L,300.7,310.1,1351,46.9,165,0,0.032291356,0
M,304.1,313.5,1428,39.9,88,0,0.0023637312,0
L,302.0,310.4,1336,58.2,110,1,0.98499763,1
L,300.4,311.4,1309,55.5,71,0,0.004031034,0
L,301.5,310.5,1466,48.1,189,0,0.0067259194,0
H,298.7,310.1,1435,45.6,37,0,0.010657985,0
H,301.2,310.7,1656,26.2,64,0,0.0008078192,0
L,303.5,312.2,1511,37.1,27,0,0.00124079,0
L,299.0,310.4,1512,38.8,109,0,0.0007673235,0
M,299.0,310.1,1593,35.4,5,0,0.00029842896,0
H,301.9,311.0,1871,26.0,132,0,0.000283031,0
L,296.6,307.4,1616,28.0,175,0,0.00823032,0
M,301.6,310.5,1414,49.3,106,0,0.028303025,0
M,297.5,308.7,1352,53.0,171,0,0.000744163,0
L,298.6,309.9,1615,28.8,199,0,0.007566753,0
L,298.5,309.7,1613,36.7,0,0,0.00044496724,0
L,297.6,308.7,1455,48.2,145,0,0.005108002,0
H,300.7,310.8,1296,58.2,204,0,0.387093,0
L,298.3,309.4,1378,52.3,12,0,0.004314993,0
M,296.9,307.6,1685,32.0,10,0,0.0010925047,0
M,301.4,310.7,1639,29.8,127,0,0.0008837664,0
H,298.6,308.3,1377,52.1,181,0,0.0035275207,0
L,298.2,309.1,1350,52.0,136,0,0.002041412,0
M,300.7,311.3,1487,39.8,50,0,0.00029153735,0
H,295.5,305.9,1593,37.2,197,0,0.0032108694,0
L,300.5,311.4,1400,45.1,29,0,0.0033371146,0
M,301.0,309.7,1511,39.3,146,0,0.0015907632,0
H,300.0,310.1,1714,28.7,55,0,0.00064513256,0
L,298.9,310.3,1484,43.8,124,0,0.0003764453,0
L,301.8,311.5,1443,43.3,134,0,0.0021884567,0
L,300.9,311.1,1457,37.4,96,0,0.0003268998,0
M,298.6,309.2,1742,30.0,37,0,0.0008680592,0
L,302.5,312.0,1574,42.0,188,0,0.00012196227,0
M,299.8,309.6,1346,53.2,95,0,0.0013561195,0
L,297.7,308.2,1500,39.9,158,0,0.00047523782,0
L,300.2,309.5,1343,50.2,98,0,0.0034200603,0
L,304.1,313.2,1412,47.5,150,0,0.00660155,0
M,300.4,311.4,1604,31.7,119,0,0.0006244468,0
L,301.8,311.2,1822,26.2,204,0,0.01015953,0
L,300.9,310.9,1228,66.4,109,0,0.7097297,1
L,299.2,310.3,1507,41.3,158,0,0.00078280334,0
H,298.8,310.0,1530,38.3,53,0,0.00036478284,0
L,301.1,311.3,1630,29.5,51,0,0.00026998448,0
L,296.6,307.5,1557,35.1,60,0,0.0014458342,0
L,299.1,308.8,1413,42.1,86,0,0.0017543655,0
M,302.5,310.4,1509,37.6,45,0,0.0040017203,0
L,304.3,313.5,1452,41.5,15,0,0.002120879,0
L,302.0,310.4,1357,58.0,108,1,0.9848263,1
L,300.3,311.6,1560,37.7,107,0,0.00095521664,0
L,300.8,310.9,1453,43.9,84,0,0.0022836525,0
H,300.6,309.4,1380,47.6,246,1,0.4997367,0
L,300.8,310.5,1434,44.5,89,0,0.008317969,0
M,300.8,310.8,1415,44.5,87,0,0.006391152,0
H,302.9,312.3,1417,48.7,26,0,0.001407138,0
M,299.0,308.9,1449,39.6,105,0,0.0023133405,0
M,298.0,307.9,1417,51.0,137,0,0.0014026052,0
L,301.1,312.3,1587,34.5,115,0,0.00013626782,0
L,297.7,307.2,1668,32.7,31,0,0.00095890195,0
L,301.6,310.6,1418,43.9,129,0,0.003717201,0
L,300.1,311.7,1503,42.6,208,0,0.04203643,0
M,301.4,310.7,1368,63.7,92,1,0.90859413,1
L,300.3,309.6,1435,45.4,181,0,0.0061142705,0
M,300.1,311.4,1575,29.8,210,0,0.2657018,0
L,301.8,310.8,1456,46.6,35,0,0.006041036,0
M,299.3,309.0,1420,41.6,155,0,0.008060642,0
L,298.9,308.3,1855,23.8,33,0,0.00095250254,0
L,297.4,309.4,1296,52.3,96,0,0.0018866982,0
L,300.8,311.7,1432,45.8,6,0,0.000917386,0
L,298.9,310.2,1409,54.8,140,0,0.005586006,0
L,301.1,309.8,1519,39.6,167,0,0.003220503,0
M,299.9,310.4,1820,26.6,175,0,0.002500217,0
H,303.3,311.4,1651,30.6,50,0,0.0011088469,0
L,297.2,308.5,1518,44.3,163,0,0.0006772052,0
H,298.5,307.9,1260,54.2,141,0,0.0016191832,0
M,298.3,307.8,1457,52.5,98,0,0.001644491,0
H,298.4,308.5,1827,24.3,153,0,0.0012289569,0
L,298.1,307.8,1413,54.1,113,0,0.002426435,0
M,300.3,311.6,1359,54.1,81,0,0.0021006193,0
L,302.1,310.9,1477,41.4,184,0,0.0033703854,0
H,298.4,307.9,1700,28.2,120,0,0.0009150077,0
M,303.0,311.2,1592,38.9,188,0,0.0024158326,0
L,301.3,310.6,1440,53.8,90,0,0.018724492,0
M,300.5,309.5,1691,27.6,67,0,0.0053020534,0
M,300.2,311.4,1570,35.3,138,0,0.00046850243,0
M,297.8,309.0,1434,43.3,96,0,0.0010882864,0
L,300.5,312.0,1498,42.9,25,0,0.00021205047,0
L,298.9,308.7,1504,41.8,165,0,0.0013715161,0
L,301.8,309.6,1443,42.7,231,0,0.3522465,0
M,302.3,311.0,1546,35.5,70,0,0.0007050027,0
H,298.3,309.5,1427,54.3,89,0,0.005372405,0
M,300.7,309.5,1622,30.5,14,0,0.0008047371,0
L,300.6,310.2,1519,44.6,69,0,0.0027187245,0
H,302.5,311.5,1496,43.8,218,0,0.012005971,0
L,298.2,308.0,1535,38.0,179,0,0.0025536704,0
M,297.7,309.0,1656,33.2,20,0,0.0002898719,0
L,303.0,312.7,1551,41.8,111,0,0.00037211744,0
L,301.1,309.7,1668,30.8,158,0,0.0029805324,0
L,300.9,310.3,1446,44.5,135,0,0.009490657,0
M,298.6,310.1,1444,48.1,39,0,0.011697617,0
M,303.8,313.0,1789,23.5,215,0,0.07721504,0
L,301.5,310.7,1408,47.3,79,0,0.017452123,0
H,299.6,310.1,1531,36.8,62,0,0.00057551416,0
L,300.6,310.4,2514,13.4,215,0,0.8916861,1
L,296.8,308.1,1356,48.3,201,0,0.059134964,0
M,297.1,308.5,1621,32.4,194,0,0.0007006961,0
H,301.5,310.9,1524,40.4,124,0,0.00034688204,0
M,299.8,309.7,1910,21.8,141,0,0.004704218,0
M,300.7,309.6,1439,43.0,61,0,0.008776412,0
L,300.5,311.5,1490,38.4,67,0,0.00077304273,0
L,301.3,311.0,1576,30.4,151,0,0.0009700079,0
L,300.5,310.6,1448,46.3,173,0,0.013302515,0
M,299.2,308.9,1521,42.3,215,0,0.052165147,0
H,301.1,310.6,1782,24.9,93,0,0.00055157155,0
L,298.9,310.0,1470,45.9,109,0,0.0015425348,0
L,297.5,308.9,1596,30.7,5,0,0.00024453082,0
L,298.8,310.1,1574,36.2,181,0,0.00087020907,0
L,300.5,309.6,1760,30.6,213,0,0.062431946,0
M,296.6,307.5,1566,35.0,201,0,0.006203335,0
L,303.9,312.7,1789,24.4,163,0,0.0004583767,0
M,299.9,309.2,1389,51.2,185,0,0.0026011297,0
L,302.3,310.9,1891,22.7,135,0,0.0028429963,0
M,300.6,310.9,1702,30.3,91,0,0.002881966,0
M,300.6,310.6,1463,45.5,196,0,0.0023913567,0
L,296.7,307.4,1535,34.6,114,0,0.0023961074,0
L,297.0,307.7,1447,46.4,8,0,0.00071797636,0
L,297.8,308.4,1512,39.9,181,0,0.00087427563,0
M,300.9,310.0,1600,36.0,204,0,0.00434911,0
L,301.4,311.3,2323,15.9,50,0,0.0043939403,0
L,301.7,310.6,1486,38.5,78,0,0.0034556917,0
L,303.2,312.5,1518,39.9,146,0,0.00073539687,0
L,297.4,308.4,1343,40.0,61,0,0.0023964082,0
M,300.5,310.5,1469,42.9,14,0,0.00044866937,0
L,303.5,311.6,1465,48.7,60,0,0.024502484,0
L,298.2,307.8,1476,36.8,134,0,0.0012734781,0
H,300.8,312.1,1527,35.1,164,0,0.00021677272,0
M,300.1,310.1,1501,39.3,195,0,0.0007496564,0
M,303.9,313.1,1514,41.1,121,0,0.0005743371,0
H,301.4,310.4,1610,38.6,16,0,0.00035817243,0
H,300.3,309.5,1438,44.0,59,0,0.020982139,0
L,299.3,308.6,1437,48.1,67,0,0.0046085003,0
M,303.0,311.1,1597,36.7,191,0,0.0014984908,0
L,299.4,310.7,1426,45.7,213,0,0.40449834,0
L,298.2,309.1,1539,36.5,134,0,0.00048162584,0
M,302.4,311.3,1312,61.5,85,0,0.40266582,0
M,299.7,310.2,1440,42.8,30,0,0.0038248068,0
H,301.2,310.9,1598,35.9,71,0,0.0005756875,0
M,302.9,311.2,1330,53.7,200,1,0.82421255,1
H,300.8,311.2,1612,32.5,143,0,0.0002453559,0
L,302.5,311.4,1759,24.6,124,0,0.0002898675,0
L,297.6,309.5,1924,20.6,37,0,0.0021624384,0
L,302.4,310.3,1923,23.3,172,0,0.0026428679,0
M,296.9,307.8,1392,43.9,0,0,0.0012616839,0
L,299.2,310.3,1610,33.3,233,0,0.45550162,0
L,300.7,310.4,1543,47.3,203,0,0.037624083,0
M,302.2,310.9,1771,27.6,54,0,0.0018537502,0
H,300.4,309.7,1500,35.2,112,0,0.0016843572,0
L,301.9,310.7,1480,47.1,68,0,0.009813926,0
L,299.7,310.4,1614,36.2,108,0,0.00053404114,0
H,303.6,312.4,1480,50.7,2,0,0.0009651052,0
M,301.1,312.3,1852,25.9,131,0,0.00031705233,0
L,297.4,308.2,1471,46.5,25,0,0.0004899825,0
L,302.8,310.6,1670,29.1,2,0,0.00609413,0
M,300.3,309.6,1524,38.4,54,0,0.0006864916,0
L,296.8,308.0,1510,39.4,29,0,0.00044755344,0
M,302.3,311.7,1540,28.9,149,0,0.002794798,0
L,298.4,309.5,1450,47.9,112,0,0.00802314,0
M,300.7,310.9,1486,38.9,106,0,0.0014434143,0
L,303.0,311.2,1664,29.8,186,0,0.0023104972,0
L,300.5,309.8,1461,52.5,146,0,0.017413678,0
H,299.9,309.6,1462,51.0,119,0,0.0015946196,0
M,302.2,311.3,1658,31.0,2,0,0.0002572533,0
L,301.0,311.0,1553,35.8,26,0,0.0007204974,0
L,298.4,309.7,1530,38.6,161,0,0.0014437607,0
M,300.3,311.7,1374,47.9,222,1,0.056555983,0
L,297.0,308.1,1537,39.0,103,0,0.00049683615,0
L,297.2,308.6,1924,22.1,163,0,0.0015432965,0
L,304.1,313.6,1382,46.7,134,0,0.0034797331,0
L,298.9,308.5,1559,34.3,126,0,0.000925161,0
L,297.6,308.3,1658,34.3,59,0,0.00023158043,0
L,301.7,311.2,1521,36.7,130,0,0.0004125074,0
M,299.9,309.5,1372,56.2,133,0,0.0033711994,0
M,301.3,311.1,1581,30.9,31,0,0.00036643652,0
H,298.9,310.2,1771,26.8,216,0,0.045280717,0
L,299.0,308.3,1441,44.0,48,0,0.0033488043,0
M,297.4,308.0,1440,42.4,190,0,0.0018625277,0
L,297.0,308.1,1455,43.5,122,0,0.0005442944,0
L,302.5,311.2,1227,60.1,167,0,0.6495941,1
L,298.2,308.8,1354,60.9,32,0,0.072710425,0
M,297.1,307.9,1609,38.9,166,0,0.0005993053,0
L,299.2,309.0,1951,21.4,102,0,0.0045038434,0
M,301.0,310.6,1460,53.6,74,0,0.0046057734,0
H,299.3,309.0,1508,35.0,70,0,0.0012513037,0
L,303.5,312.0,1761,25.8,105,0,0.0013315089,0
M,301.0,312.2,1629,32.6,69,0,0.0002105415,0
M,301.9,311.0,1467,48.1,43,0,0.005238109,0
L,297.8,308.9,1871,25.6,200,1,0.0012418714,0
L,298.1,309.4,1397,48.2,63,0,0.0035202405,0
L,296.6,307.4,1389,42.7,48,0,0.0009848112,0
L,296.6,307.5,1439,45.5,199,0,0.010171299,0
L,302.5,310.5,1436,36.5,43,0,0.0057926374,0
M,298.2,308.8,1607,31.9,39,0,0.00032031813,0
L,302.2,311.3,1602,32.8,120,0,0.00013836975,0
M,302.3,311.0,1578,33.5,158,0,0.00066925096,0
L,302.3,311.1,1373,53.0,181,0,0.29007754,0
M,296.3,307.2,1446,45.9,180,0,0.002550234,0
L,298.7,308.5,1668,35.2,77,0,0.0011329607,0
L,299.8,309.2,1491,47.5,216,0,0.05870175,0
L,304.4,313.6,1507,43.1,13,0,0.0015194917,0
M,298.3,309.1,1488,40.6,176,0,0.0015830059,0
L,301.6,310.6,1455,43.9,0,0,0.0024174051,0
L,298.2,308.2,1407,47.1,153,0,0.0017395614,0
M,299.8,310.8,1463,43.5,156,0,0.0004637259,0
L,300.0,309.0,1454,51.7,2,0,0.0016115162,0
M,299.1,308.2,1435,45.2,45,0,0.009295383,0
L,298.2,308.2,1469,43.0,88,0,0.00043675615,0
L,300.1,309.7,1441,40.1,46,0,0.0049598725,0
L,299.0,310.1,1623,33.0,210,0,0.032371286,0
H,296.9,307.8,1549,37.8,104,0,0.0022506434,0
H,301.7,310.1,1462,38.3,49,0,0.0010071482,0
L,296.3,307.3,1567,31.4,5,0,0.00089747016,0
M,298.2,308.7,1426,42.6,23,0,0.0019876976,0
L,300.8,312.0,1477,37.3,164,0,0.00046834862,0
L,298.9,308.4,1301,51.1,138,0,0.002854351,0
L,300.2,311.5,1383,42.1,60,0,0.00040852223,0
H,299.0,310.1,1555,38.6,118,0,0.0006024635,0
M,300.1,309.5,1462,42.8,50,0,0.00040552413,0
L,300.7,310.8,1754,27.7,84,0,0.0019095162,0
H,296.7,307.4,1661,34.2,109,0,0.0021802753,0
L,298.0,308.5,1461,48.0,68,0,0.00080312917,0
L,297.8,307.8,1396,42.5,23,0,0.0008932256,0
M,297.8,307.5,1405,46.9,113,0,0.001634538,0
L,303.8,313.2,1336,47.8,176,0,0.05277402,0
L,300.8,310.9,1748,29.9,140,0,0.0012572214,0
L,301.5,309.8,1549,38.5,81,0,0.0031383617,0
M,296.4,307.4,1416,50.0,210,0,0.050254118,0
L,298.0,308.3,1362,56.8,216,1,0.9938466,1
L,298.4,308.0,1540,37.8,7,0,0.0013527038,0
L,302.6,311.9,1453,39.1,84,0,0.0019776744,0
L,298.1,307.4,1608,33.9,193,0,0.0033583255,0
L,297.3,309.0,1548,37.4,171,0,0.0006132015,0
H,298.3,308.6,1432,49.5,91,0,0.0015395699,0
L,300.3,311.5,1378,47.5,64,0,0.005047387,0
L,301.3,310.8,1390,57.4,164,0,0.020186404,0
M,297.3,308.4,1521,38.2,87,0,0.00045014458,0
M,300.2,310.1,1550,38.7,45,0,0.00076546404,0
L,300.5,309.8,1345,62.7,153,0,0.4871509,0
L,297.4,308.6,1459,41.3,196,0,0.0020529393,0
L,296.8,308.0,1666,29.8,41,0,0.0006205285,0
M,298.8,310.5,1678,32.8,4,0,0.00041763534,0
L,298.7,309.7,1547,37.4,0,0,0.00049415673,0
M,300.6,310.7,1654,32.0,180,0,0.0016588997,0
M,301.5,311.1,1660,33.8,115,0,0.000256066,0
L,298.4,308.0,1515,42.8,125,0,0.00058467,0
L,299.5,309.1,1415,49.2,8,0,0.0016541634,0
L,301.5,310.6,1522,41.0,114,0,0.00066746876,0
M,298.7,309.8,1501,44.7,48,0,0.0013987921,0
L,302.6,310.4,1359,57.2,67,1,0.99086374,1
L,304.0,313.3,1519,36.7,117,0,0.0010019768,0
L,301.1,310.8,1274,55.7,169,0,0.015461789,0
L,299.0,310.2,1372,48.0,174,0,0.07410907,0
L,302.7,310.5,1642,30.8,195,0,0.0027053645,0
L,300.5,310.5,1452,42.9,29,0,0.0017424013,0
L,300.2,309.7,1421,44.6,17,0,0.0051249955,0
M,303.6,312.0,1645,35.7,81,0,0.0029863152,0
L,298.2,308.8,1540,34.8,32,0,0.00044027227,0
H,300.0,309.5,1781,24.9,70,0,0.0012881346,0
M,300.2,309.6,1528,35.1,44,0,0.000489102,0
L,300.2,311.5,1500,40.8,17,0,0.00029140562,0
M,298.8,308.5,1510,38.7,66,0,0.0012385484,0
L,301.9,309.6,1446,43.2,225,0,0.24463218,0
M,300.0,309.3,1932,21.8,135,0,0.004492279,0
M,301.8,310.2,1609,34.2,217,0,0.07711641,0
M,295.8,306.6,1480,43.2,92,0,0.00055426534,0
M,302.7,310.5,1398,47.3,70,0,0.22385032,0
L,301.3,311.1,1303,49.2,212,0,0.14442684,0
L,297.9,309.1,1595,32.0,32,0,0.00018619646,0
M,301.5,310.7,1744,28.2,61,0,0.0018557938,0
M,300.4,309.7,1685,32.3,167,0,0.0047481013,0
M,303.4,311.8,1341,47.0,210,1,0.98921925,1
M,295.8,306.5,1641,32.2,101,0,0.0012190965,0
L,300.6,310.5,1470,37.7,98,0,0.003021185,0
M,303.9,313.0,1620,36.6,80,0,0.00032011725,0
M,304.0,313.5,1732,26.2,126,0,0.00078125106,0
L,301.0,310.8,1527,45.3,8,0,0.00085841207,0
M,301.7,309.9,1452,41.5,86,0,0.008623139,0
H,297.4,308.3,1502,43.6,169,0,0.0004583616,0
L,301.3,311.1,1723,27.6,210,0,0.041351143,0
L,296.9,308.0,1713,29.3,13,0,0.0003524403,0
M,298.7,310.1,1402,69.7,64,1,0.9950448,1
L,301.5,310.6,1481,46.8,20,0,0.0026427095,0
L,299.3,310.8,1483,43.5,15,0,0.00045422325,0
M,298.0,308.1,1339,51.6,197,0,0.0023940157,0
H,302.3,311.7,1456,45.4,130,0,0.0005335713,0
L,303.4,311.7,1295,51.3,51,1,0.96961075,1
M,300.7,311.7,1701,30.8,44,0,0.001111243,0
L,300.2,311.6,1375,56.9,155,0,0.00976796,0
L,299.1,309.9,1586,36.6,215,0,0.108607635,0
L,298.1,307.9,1502,41.8,79,0,0.000365199,0
L,300.5,309.7,1887,24.3,28,0,0.0013528906,0
L,298.0,308.5,1404,46.6,201,0,0.014312295,0
M,299.8,310.5,1375,53.9,110,0,0.005467667,0
L,302.8,310.8,1402,50.5,30,0,0.05331017,0
L,302.0,310.6,1392,50.0,84,0,0.065951794,0
L,301.3,310.6,1510,38.5,47,0,0.0014469065,0
L,301.7,310.2,1486,43.0,66,0,0.0019335019,0
H,297.0,308.4,1305,54.6,168,0,0.0027105,0
M,297.2,308.2,1405,42.5,204,0,0.015940463,0
L,299.9,310.9,1292,51.1,173,0,0.00599479,0
M,303.5,312.3,1624,34.8,121,0,0.0005346926,0
M,297.9,309.1,1338,49.6,56,0,0.0005403527,0
M,297.4,308.6,1522,38.0,33,0,0.0004602076,0
H,295.6,306.2,1632,32.2,76,0,0.0027159448,0
M,299.5,310.8,1754,31.3,114,0,0.001454051,0
L,298.8,309.8,1461,39.4,141,0,0.0034660248,0
L,299.9,309.4,1858,22.5,22,0,0.0008192761,0
L,299.1,310.1,1416,41.2,185,0,0.00390013,0
M,300.6,310.0,1478,36.3,95,0,0.0007960239,0
L,301.8,310.3,1688,28.8,31,0,0.0014002962,0
M,299.0,310.0,1341,58.9,126,0,0.0105775725,0
L,302.3,311.4,1845,21.9,27,0,0.0003080619,0
L,297.5,308.6,1513,39.7,32,0,0.0003982165,0
L,299.8,309.8,1542,39.4,155,0,0.0022771887,0
M,299.0,310.3,1540,38.1,182,0,0.0008780437,0
M,297.5,308.6,1440,38.8,29,0,0.0021715662,0
L,299.1,308.5,1647,35.0,74,0,0.0006452685,0
L,298.1,308.6,1354,53.9,207,1,0.9716572,1
L,295.9,306.6,1678,26.7,53,0,0.0035153616,0
L,300.5,311.6,1534,37.7,90,0,0.00095045014,0
L,300.5,311.9,1576,31.1,149,0,0.0010086404,0
L,302.0,310.8,1615,29.0,235,1,0.39967152,0
L,301.4,310.8,1389,52.7,125,0,0.0054548443,0
L,298.0,308.7,1462,48.2,204,0,0.010128437,0
L,301.2,310.4,1390,49.9,74,0,0.0126725305,0
L,298.4,309.6,1710,27.3,163,1,0.0039568073,0
L,298.3,309.1,1904,20.3,140,0,0.0019239079,0
L,302.9,312.3,1530,34.9,185,0,0.00051364355,0
M,299.0,310.3,1635,34.5,168,0,0.0005651297,0
L,298.0,307.7,1387,50.8,204,0,0.16822423,0
L,298.9,310.2,2737,8.8,142,1,0.98733276,1
H,297.3,308.3,1461,41.5,108,0,0.0005299627,0
L,300.8,310.4,1368,46.8,21,0,0.04723821,0
L,303.6,311.8,1695,30.7,90,0,0.0033623464,0
L,297.8,309.2,1372,47.3,15,0,0.0026429899,0
M,302.2,311.3,1510,36.6,91,0,0.00035250213,0
L,297.8,308.8,1621,36.1,68,0,0.00031939903,0
L,302.4,311.4,1475,40.4,126,0,0.00041175447,0
L,304.2,313.3,1668,35.7,180,0,0.0013016775,0
H,302.4,311.6,1544,39.1,70,0,0.00020309711,0
M,297.2,308.5,1364,54.0,43,0,0.0026024687,0
L,301.6,310.0,1566,30.3,79,0,0.0013603288,0
M,298.4,309.5,1519,35.4,133,0,0.0015520451,0
M,302.3,310.1,1731,33.4,112,0,0.002506808,0
L,300.5,311.6,1365,53.0,85,0,0.005072237,0
M,298.9,310.4,1533,44.4,24,0,0.0007327456,0
L,299.2,310.4,1472,43.3,32,0,0.0004732472,0
L,296.7,308.1,1450,40.9,195,0,0.0025990263,0
L,301.9,310.5,1425,51.1,173,0,0.07308467,0
L,300.8,311.3,1782,26.9,116,0,0.00059482566,0
L,302.9,311.2,1751,23.8,196,0,0.0007075334,0
L,303.7,312.6,1396,44.1,136,0,0.0009573847,0
L,299.2,309.1,1578,38.1,109,0,0.0011236544,0
L,299.5,309.3,1409,44.7,46,0,0.0020944302,0
L,299.8,310.8,1553,32.2,161,0,0.0012647664,0
L,299.7,310.3,1495,43.1,101,0,0.00043088535,0
L,298.6,309.8,1370,56.0,0,0,0.025202177,0
L,297.5,308.7,1371,46.5,121,0,0.0018958162,0
M,302.4,310.2,1485,45.9,50,0,0.0133724315,0
L,297.6,308.6,1576,32.7,83,0,0.00030110858,0
L,298.8,309.6,1613,27.7,143,0,0.005537496,0
H,303.7,312.6,1711,27.6,170,0,0.00050247175,0
M,301.7,309.8,1284,68.2,111,1,0.9773744,1
M,297.0,307.7,1261,51.1,130,0,0.00088364095,0
M,299.7,311.1,1618,30.3,125,0,0.0009016125,0
M,299.1,308.9,1397,52.4,112,0,0.0028935529,0
L,300.7,310.5,1357,52.6,199,0,0.12637715,0
L,298.2,308.6,1353,54.1,38,0,0.0020311137,0
M,298.8,309.8,1288,61.9,79,0,0.09311467,0
L,302.6,312.4,1386,45.8,38,0,0.002592445,0
H,297.1,308.4,1654,31.4,171,0,0.0006671059,0
M,303.8,312.7,1507,38.5,180,0,0.0012173982,0
L,303.9,313.0,1759,28.4,74,0,0.00039647636,0
M,300.5,310.2,1386,48.2,225,0,0.6309778,1
H,299.1,309.4,1811,24.6,77,0,0.0012154458,0
M,297.5,308.5,1699,30.1,40,0,0.0006347174,0
L,298.7,310.2,1402,45.9,30,0,0.011567948,0
L,295.8,306.5,1505,35.2,86,0,0.0015745321,0
L,300.8,309.7,1481,38.1,153,0,0.0025893582,0
L,299.1,308.3,1533,42.4,48,0,0.00045068597,0
M,302.1,311.3,1453,45.1,174,0,0.008416029,0
L,300.2,309.4,1526,35.3,46,0,0.00050695526,0
M,300.8,311.4,1732,26.9,45,0,0.0009039401,0
L,300.6,311.7,1497,43.6,198,0,0.0003447853,0
H,303.1,311.3,2056,19.7,167,0,0.0020431506,0
M,300.2,310.2,1429,43.8,54,0,0.0012408084,0
H,300.4,311.3,2026,20.3,26,0,0.00066188985,0
H,297.8,309.2,1648,33.0,29,0,0.0003390651,0
M,298.0,308.2,1395,49.1,206,0,0.025734657,0
M,299.7,310.7,1498,37.8,146,0,0.0033207529,0
M,298.1,307.8,1569,31.2,131,0,0.0012991348,0
H,299.9,309.8,1400,48.7,119,0,0.009032196,0
H,299.2,308.7,1375,55.1,78,0,0.004190046,0
M,298.9,310.0,1456,43.8,15,0,0.0004030973,0
L,302.2,311.6,1462,50.0,51,0,0.0013250785,0
M,299.1,308.7,2008,20.3,178,0,0.01330557,0
L,303.3,311.3,1350,48.1,32,1,0.9947463,1
L,303.1,311.2,1394,45.3,144,0,0.09073633,0
L,297.9,307.5,1574,35.8,153,0,0.0030040203,0
L,300.7,311.7,1910,19.7,13,0,0.0006899077,0
L,300.4,309.3,1766,28.2,207,0,0.030781688,0
M,302.5,311.9,1347,54.3,125,0,0.44207382,0
L,295.8,306.4,1356,48.0,99,0,0.003928645,0
M,297.3,308.3,1544,41.7,6,0,0.0003129701,0
L,301.7,310.8,1493,47.6,145,0,0.017562702,0
L,301.0,310.4,1614,31.6,84,0,0.00068930996,0
M,299.4,309.3,1485,47.1,209,0,0.07088769,0
L,300.7,309.9,1815,27.0,190,0,0.003599322,0
M,303.9,312.7,1485,43.3,174,0,0.0006285462,0
M,297.4,309.4,1539,42.2,134,0,0.00034651993,0
M,298.2,309.0,1441,44.2,147,0,0.0025089837,0
H,300.7,310.3,1369,50.7,12,0,0.011393842,0
H,302.8,312.4,1411,53.8,246,1,0.87743676,1
L,303.0,311.2,1800,23.7,61,0,0.0012005841,0
L,298.9,308.7,1433,44.7,108,0,0.004652488,0
L,295.5,306.1,1488,40.7,31,0,0.0008781089,0
L,299.1,308.2,1319,60.3,36,0,0.043135356,0
M,300.7,310.6,1474,37.0,33,0,0.0009193286,0
L,302.4,312.0,1305,49.1,16,0,0.08555454,0
L,300.0,310.4,1505,44.9,133,0,0.00076369283,0
L,298.0,307.7,1643,32.3,200,0,0.002647097,0
M,298.1,307.9,1446,42.8,121,0,0.00090763357,0
L,298.7,310.2,1566,33.1,68,0,0.00065031927,0
M,301.2,310.4,1697,30.0,120,0,0.0015831181,0
L,302.4,311.0,2211,15.4,203,0,0.13926537,0
L,299.3,309.0,1473,46.3,146,0,0.002356911,0
L,302.5,312.0,1574,33.8,63,0,0.00016238469,0
L,299.0,310.4,1713,28.0,116,0,0.0016508295,0
L,300.5,311.9,1350,51.7,18,0,0.004153951,0
L,302.2,311.8,1618,36.0,158,0,0.00038361383,0
L,302.9,312.5,1550,45.5,72,0,0.00071203464,0
M,300.7,309.5,1733,26.7,108,0,0.0023967912,0
L,302.3,310.9,1459,35.0,32,0,0.0027949386,0
L,301.7,311.1,1455,39.8,118,0,0.00078976026,0
M,298.9,310.6,1679,35.8,14,0,0.0007870252,0
L,299.3,309.0,1449,46.5,121,0,0.0030220195,0
L,302.3,311.5,1448,49.6,28,0,0.002505573,0
L,302.2,311.2,1649,33.2,9,0,0.00015795519,0
L,297.2,308.6,1366,50.4,74,0,0.0035006045,0
L,302.5,312.0,1495,38.8,186,0,0.00048512412,0
L,298.9,308.5,1503,40.6,145,0,0.0031366365,0
H,297.7,307.2,1429,44.1,26,0,0.0013150583,0
H,303.3,312.6,1692,29.0,125,0,0.000985733,0
M,298.9,309.6,1567,34.5,204,0,0.020950906,0
H,296.9,307.9,1557,36.5,63,0,0.00051639584,0
L,298.0,307.6,1385,45.0,158,0,0.003174146,0
L,303.7,312.4,1513,40.1,135,0,0.0006685491,0
M,298.3,308.3,1379,48.0,181,0,0.0026778192,0
L,297.7,308.4,1487,41.4,84,0,0.00043449938,0
H,299.0,310.1,1432,50.0,45,0,0.0036538995,0
L,303.4,311.5,1879,21.3,78,0,0.003759344,0
M,300.7,310.8,1452,47.9,77,0,0.013863387,0
M,299.0,308.6,1645,33.4,22,0,0.00039864398,0
L,298.2,309.0,1601,35.8,43,0,0.00031862318,0
H,300.6,312.1,1354,46.9,138,0,0.00022165084,0
L,298.7,308.5,1467,40.7,106,0,0.0013357768,0
L,298.6,309.4,1375,55.4,145,0,0.020138336,0
L,303.0,311.2,1511,45.7,184,0,0.015029126,0
L,299.1,308.3,1489,38.1,32,0,0.0012322635,0
L,297.3,308.5,1350,57.6,186,0,0.13352123,0
L,303.8,312.8,1443,40.7,145,0,0.0036106573,0
L,296.5,307.5,1566,35.1,206,0,0.6546215,1
L,301.1,311.7,1408,46.3,135,0,0.0010668203,0
L,304.1,313.3,1470,39.9,70,0,0.0010203997,0
M,301.5,310.6,1638,31.9,137,0,0.00050057704,0
L,300.8,312.0,1496,40.0,175,0,0.0004687175,0
H,298.6,308.4,1407,50.5,164,0,0.0027051393,0
M,302.5,311.9,1524,34.8,86,0,0.000650712,0
L,297.2,308.1,1662,31.3,0,0,0.0004320372,0
L,297.3,308.2,1601,35.7,9,0,0.00029856386,0
M,302.3,311.6,1668,33.2,52,0,0.00050251797,0
M,298.7,310.0,1459,40.2,69,0,0.00068853854,0
L,300.1,311.5,1659,31.1,203,0,0.016519096,0
L,302.6,311.8,1627,31.8,23,0,0.00033679383,0
L,300.9,310.4,1544,36.0,148,0,0.0015046019,0
L,301.8,310.7,1547,41.7,72,0,0.0013041272,0
L,299.7,309.1,1713,33.5,141,0,0.0013283847,0
L,300.6,309.4,1552,36.4,113,0,0.0010724682,0
L,300.0,309.3,1364,41.2,104,0,0.0022853187,0
M,297.2,307.9,1456,44.9,85,0,0.0007138607,0
L,298.2,308.4,1388,53.8,137,0,0.002978885,0
H,299.3,308.9,1429,43.0,96,0,0.0023511762,0
M,298.3,308.4,1486,44.2,196,0,0.0007986953,0
L,298.0,308.2,1348,58.8,202,1,0.9624168,1
L,300.0,310.5,1412,52.4,142,0,0.0024960663,0
L,300.6,311.9,1472,44.2,126,0,0.0004022175,0
M,300.6,310.4,1407,51.1,157,0,0.005395337,0
L,301.1,311.1,1799,21.7,206,0,0.062315725,0
L,302.6,312.2,1377,45.5,54,0,0.047137864,0
M,302.3,311.4,1571,32.7,17,0,0.00026164044,0
M,297.4,308.7,1392,46.4,174,0,0.0024980132,0
M,301.9,311.4,1465,39.9,153,0,0.0008596252,0
L,301.0,310.9,1492,44.6,15,0,0.0016479086,0
M,298.9,308.9,1750,29.9,50,0,0.0006752274,0
M,301.7,311.0,1505,44.0,187,0,0.0006644831,0
M,299.2,309.0,1597,30.3,115,0,0.0019842216,0
M,298.7,308.4,1507,45.7,192,0,0.0019492612,0
M,299.1,310.1,1570,30.9,226,0,0.46231237,0
M,298.0,308.7,1494,42.6,96,0,0.0004881949,0
L,301.9,309.7,1595,31.4,133,0,0.00069452386,0
L,299.9,309.2,1560,38.9,180,0,0.0034149233,0
L,297.7,309.0,1538,43.2,30,0,0.00017842044,0
H,300.7,309.6,1925,20.5,9,0,0.00067454786,0
H,299.2,310.8,1761,30.4,180,0,0.0019008586,0
L,302.3,311.2,1633,36.4,114,0,0.00021835465,0
L,300.8,311.3,1498,40.2,73,0,0.00033307928,0
M,303.5,311.6,1573,34.0,134,0,0.0018528672,0
M,299.2,310.3,1551,44.8,18,0,0.0010822879,0
M,302.5,311.0,1463,43.1,181,0,0.00064988557,0
L,299.4,309.3,1377,43.6,28,0,0.0020948907,0
L,300.4,311.2,1406,43.6,22,0,0.00071317796,0
L,298.6,309.1,1537,35.7,198,0,0.0023469466,0
L,298.2,308.7,1408,46.3,3,0,0.0020578504,0
L,301.9,311.1,1448,46.3,14,0,0.0028094742,0
L,301.9,310.4,1286,62.8,22,1,0.86483884,1
H,301.4,310.7,1516,36.4,83,0,0.0008644529,0
M,298.8,310.0,1484,44.9,80,0,0.0021138256,0
L,297.5,308.3,2564,12.8,127,1,0.96725166,1
L,299.8,309.1,1772,24.8,113,0,0.0014437325,0
L,301.3,311.0,1418,41.9,208,0,0.10756949,0
H,297.7,308.2,1489,43.0,151,0,0.00039582507,0
L,301.3,310.8,1719,29.5,62,0,0.0010871907,0
L,297.2,308.6,1578,34.4,76,0,0.00036852306,0
L,298.1,308.7,1556,31.6,145,0,0.0018783701,0
L,300.3,310.5,1522,39.1,217,0,0.19629551,0
L,298.5,310.1,1809,28.9,20,0,0.005468447,0
L,299.9,310.4,1408,38.4,144,0,0.0018767527,0
H,297.9,307.8,1635,34.0,142,0,0.0013123344,0
L,300.6,312.2,1308,54.7,52,0,0.000649441,0
L,299.3,310.4,1365,53.9,171,0,0.040556256,0
H,299.9,310.1,1447,51.4,185,0,0.0018989705,0
M,301.9,311.1,1417,52.5,171,0,0.011767679,0
L,300.7,309.3,1580,38.3,102,0,0.0007101944,0
L,301.8,311.3,1471,44.2,148,0,0.00055739534,0
L,302.6,311.5,1599,37.0,211,0,0.16090728,0
L,301.1,310.6,1417,47.6,10,0,0.0124433935,0
L,298.5,309.5,1547,33.1,68,0,0.001225421,0
L,297.0,307.6,1680,35.8,20,0,0.0020998667,0
L,297.3,308.6,1446,50.1,144,0,0.0023190712,0
L,301.3,310.7,1761,24.3,174,0,0.0023964597,0
M,297.6,308.5,1848,23.7,37,0,0.00043197314,0
M,296.1,307.0,1523,42.0,164,0,0.00079425384,0
L,301.4,310.4,1436,49.7,108,0,0.0061678635,0
M,297.5,308.6,1510,35.5,155,0,0.0008654254,0
M,300.2,311.8,1748,28.5,184,0,0.003451722,0
M,304.1,313.3,1725,28.3,177,0,0.0014936321,0
M,297.4,308.4,1441,46.8,116,0,0.0035540792,0
L,303.5,312.7,1694,27.3,40,0,0.000638844,0
H,300.9,311.0,1853,23.6,122,0,0.00032448812,0
M,301.7,310.0,1391,50.6,195,0,0.025157446,0
M,296.9,307.7,2008,17.5,3,0,0.0013525229,0
L,300.1,309.6,1321,46.9,75,0,0.006192224,0
L,300.2,310.2,1378,43.9,193,0,0.01959793,0
M,300.6,309.8,1447,42.9,12,0,0.0017912119,0
M,298.0,307.4,1463,46.5,182,0,0.0012717297,0
M,297.1,307.8,1443,43.9,137,0,0.0009429425,0
L,300.6,311.6,1964,21.4,15,0,0.0011340523,0
H,298.5,309.4,1573,33.6,143,0,0.0012551061,0
L,301.4,310.7,1428,53.7,176,0,0.008558691,0
L,297.5,308.5,1446,41.9,32,0,0.0009507898,0
M,298.5,309.7,1523,44.6,83,0,0.0015369473,0
L,298.4,309.3,1409,43.1,166,0,0.00224927,0
L,301.1,312.3,1595,31.9,134,0,9.433849e-05,0
L,299.7,309.1,1475,40.0,123,0,0.0016141344,0
M,298.0,308.6,1507,37.3,217,0,0.08675964,0
H,299.7,309.2,1456,40.6,182,0,0.004463593,0
L,302.2,311.2,1451,41.8,66,0,0.0008358239,0
L,296.9,307.8,1466,45.7,153,0,0.00116794,0
H,295.6,306.2,1329,55.3,135,0,0.0039640735,0
H,300.4,310.2,1431,43.2,0,0,0.0012303718,0
M,300.6,310.2,1478,40.1,5,0,0.0008262993,0
L,298.2,307.8,1355,59.4,115,0,0.018583471,0
L,297.3,308.4,1472,41.3,67,0,0.000666278,0
M,296.2,306.8,1526,42.3,129,0,0.00052880566,0
M,300.3,311.3,1506,40.7,98,0,0.00036883165,0
L,302.6,312.1,1420,51.6,182,0,0.0073892176,0
L,301.2,310.6,1437,51.2,112,0,0.0060365945,0
M,301.0,310.7,1517,40.2,171,0,0.0014210612,0
L,298.2,307.8,1749,26.1,66,0,0.001744653,0
L,301.8,310.2,2825,5.8,215,1,0.94586694,1
H,298.8,309.8,1490,35.9,171,0,0.0050302153,0
M,297.7,309.0,1636,29.7,32,0,0.00030910302,0
L,301.7,310.5,1354,50.0,169,0,0.6058319,1
M,301.4,310.5,1451,45.3,183,0,0.005012688,0
L,298.4,308.9,1496,37.9,194,0,0.0052599288,0
H,297.7,308.8,1404,50.3,97,0,0.0014042832,0
L,298.6,308.9,1327,58.8,9,0,0.0077834744,0
H,297.9,308.7,1545,35.9,120,0,0.0008785847,0
M,303.0,311.3,1335,53.6,164,1,0.98246044,1
L,300.4,311.6,1332,54.6,111,0,0.0036869857,0
M,299.6,310.6,1633,34.2,151,0,0.0011532167,0
L,301.4,311.1,1462,37.1,41,0,0.000273489,0
M,297.9,309.0,1970,21.6,37,0,0.0006072798,0
L,304.0,313.2,1314,47.1,144,0,0.020740943,0
L,300.2,309.5,2183,17.8,39,0,0.006900354,0
L,297.4,308.4,1580,41.2,66,0,0.00039947938,0
H,301.5,310.8,1474,38.7,58,0,0.00050621404,0
M,299.5,308.9,1448,42.9,74,0,0.001415233,0
L,302.2,310.8,1340,47.8,54,0,0.9711223,1
L,300.6,309.6,1409,42.4,57,0,0.0016716977,0
L,303.6,313.0,1593,31.6,52,0,0.00030880523,0
M,302.0,310.9,1352,55.5,59,0,0.87962455,1
M,298.0,307.9,1479,47.6,76,0,0.0006463668,0
M,302.0,311.2,1558,39.1,179,0,0.0008009963,0
L,295.6,306.2,1443,48.9,33,0,0.0018947968,0
L,297.7,308.4,1289,51.3,82,0,0.0017751312,0
L,298.7,309.6,1516,38.5,61,0,0.0012334426,0
L,299.3,308.6,1744,26.4,33,0,0.0010922503,0
L,298.5,310.0,1804,26.1,22,0,0.0006694056,0
M,299.2,308.4,1396,48.7,13,0,0.003011205,0
L,295.6,306.2,1650,28.2,35,0,0.002640103,0
H,299.0,310.4,1677,30.8,73,0,0.0006656392,0
L,300.9,312.0,1500,44.2,188,0,0.00035813334,0
L,296.7,307.7,1502,43.9,84,0,0.00035596406,0
H,302.3,311.3,1744,30.3,116,0,0.00023746472,0
H,300.0,311.4,1641,34.5,155,0,0.00039028452,0
L,297.6,308.6,1528,40.0,123,0,0.00033086326,0
L,300.9,312.7,1416,43.8,112,0,0.000248348,0
H,299.1,308.8,1566,46.6,192,0,0.0036864025,0
L,301.3,310.9,1509,41.7,16,0,0.00077822024,0
M,302.0,311.0,1980,21.5,20,0,0.00264567,0
L,298.5,309.5,1480,38.1,160,0,0.0031428672,0
H,297.4,308.7,1323,51.1,130,0,0.0011087317,0
L,299.2,310.2,1609,33.2,156,0,0.00068928825,0
L,300.3,309.3,1345,53.5,192,0,0.06909406,0
L,301.2,310.6,1385,49.2,105,0,0.01224916,0
H,300.9,311.9,1513,38.0,38,0,0.0002391796,0
L,300.6,309.6,1423,49.1,74,0,0.012326698,0
L,301.6,310.6,1562,34.4,162,0,0.0015360914,0
L,300.2,309.8,1557,33.8,19,0,0.00092111016,0
L,303.0,312.3,1533,38.5,134,0,0.00045206735,0
H,298.9,308.8,1621,32.7,75,0,0.0007834504,0
L,300.6,311.7,1428,52.6,208,0,0.8124805,1
M,301.1,310.6,1410,43.9,73,0,0.0027587858,0
M,302.6,312.1,2000,21.9,200,0,0.0015822713,0
L,301.3,310.6,1556,39.0,72,0,0.0015448757,0
L,299.8,309.5,1641,27.1,16,0,0.0014428832,0
L,302.4,311.4,1831,26.9,121,0,0.0003172519,0
L,300.1,311.4,1910,23.0,153,0,0.0066285357,0
M,299.5,310.9,1577,34.6,159,0,0.0012262056,0
L,302.5,310.4,1349,55.1,187,1,0.9824264,1
M,297.4,308.7,1798,23.0,135,0,0.0013973888,0
L,302.1,311.2,1550,34.8,177,0,0.00079915934,0
L,302.3,310.8,1421,41.4,102,0,0.023778934,0
M,301.7,310.6,1691,27.7,105,0,0.0021581089,0
L,301.7,310.7,1763,25.9,3,0,0.000631855,0
L,298.2,307.8,1423,48.1,183,0,0.0049938923,0
L,298.4,308.9,1628,34.9,93,0,0.0006306247,0
L,300.4,309.7,1679,30.1,136,0,0.0061241854,0
M,295.6,306.2,1477,45.0,40,0,0.0017650216,0
L,302.4,311.5,1505,37.9,79,0,0.0007040248,0
L,301.8,311.0,1529,41.6,12,0,0.00025284593,0
M,297.2,308.4,1378,41.9,97,0,0.0012399749,0
L,303.7,312.5,1433,53.6,185,0,0.003233557,0
L,301.3,310.8,1432,54.4,51,0,0.0045920084,0
L,301.4,310.7,1487,44.6,88,0,0.0020944444,0
H,298.3,310.0,1419,47.1,105,0,0.0046932106,0
L,301.3,310.5,1503,48.6,72,0,0.008848376,0
M,301.1,311.3,1389,53.3,8,0,0.0011717778,0
L,303.9,313.1,1491,37.2,195,0,0.0021485372,0
L,301.6,310.5,1809,25.5,40,0,0.0009563408,0
L,299.6,309.0,1472,48.8,72,0,0.0018448032,0
H,302.0,310.5,1841,23.6,119,0,0.0005328618,0
M,298.8,309.7,2098,19.0,133,0,0.005001701,0
H,298.1,308.5,1392,44.8,111,0,0.0038280168,0
L,297.2,308.4,1677,26.4,146,0,0.002884974,0
L,298.4,309.1,1579,36.1,123,0,0.00065583445,0
M,302.9,311.1,1926,21.8,58,0,0.0016400175,0
L,298.1,307.6,1354,43.3,155,0,0.0010713582,0
L,302.3,311.2,1786,24.3,81,0,0.0003654818,0
L,300.4,310.8,1390,52.5,144,0,0.0047266707,0
L,296.9,307.7,1550,39.7,124,0,0.0008867029,0
M,304.2,313.4,1329,54.5,75,0,0.022051856,0
L,301.1,310.1,1489,45.8,42,0,0.0020562129,0
L,297.4,308.4,2151,17.7,0,0,0.001817335,0
L,302.3,310.1,1388,49.9,48,0,0.17010133,0
M,297.3,308.4,1434,44.8,21,0,0.003224522,0
L,298.8,310.0,1423,42.1,154,0,0.0021835007,0
L,300.2,309.1,1479,47.0,22,0,0.00036128372,0
L,301.3,311.0,1542,35.1,204,0,0.047251012,0
L,298.1,308.4,1436,46.7,103,0,0.0022349332,0
L,300.2,310.2,1415,49.6,21,0,0.0019514672,0
L,302.6,311.8,1638,35.1,17,0,0.00082714495,0
H,302.7,310.8,1275,55.0,25,1,0.9602163,1
M,302.5,312.0,1451,43.2,189,0,0.00054173736,0
M,299.2,308.4,1529,43.0,50,0,0.0006357939,0
H,302.1,311.2,1598,37.9,148,0,0.0005333,0
L,295.9,306.4,1892,21.7,72,0,0.0029518632,0
L,298.2,307.8,1528,31.1,194,0,0.006052907,0
H,296.4,307.1,1638,32.5,146,0,0.0049924166,0
L,301.5,311.1,2055,16.8,105,0,0.0020788794,0
M,297.8,307.3,1804,26.0,222,0,0.38585553,0
L,302.7,312.2,1611,34.1,186,0,0.00043040156,0
L,303.7,312.7,1572,37.2,192,0,0.00054571417,0
M,301.5,310.7,1347,47.9,29,0,0.044965837,0
L,295.8,306.4,1325,56.2,65,0,0.0058784126,0
L,300.2,311.5,1492,41.8,128,0,0.00021962226,0
L,297.6,309.5,2001,20.5,220,0,0.54639685,1
L,299.4,310.8,1622,33.6,217,0,0.35607648,0
M,300.2,310.6,1983,20.8,83,0,0.0055237063,0
L,298.4,309.1,1423,48.0,135,0,0.0064129876,0
L,298.2,309.1,1569,35.2,199,0,0.0012830299,0
L,297.3,308.3,1471,38.2,37,0,0.00045205635,0
L,299.0,308.6,1297,54.2,110,0,0.0030246817,0
L,300.3,311.5,1663,33.6,38,0,0.0011472234,0
M,299.2,308.9,1447,39.6,22,0,0.0013733879,0
L,300.9,310.4,1445,41.7,180,0,0.004812408,0
L,301.7,311.3,1584,38.8,132,0,0.00023375708,0
M,297.9,308.5,1300,53.0,172,0,0.0006117775,0
H,298.4,308.2,1612,32.6,10,0,0.0005507371,0
L,298.0,308.9,1390,53.9,88,0,0.002557284,0
M,298.4,308.2,1468,43.8,2,0,0.0006146336,0
M,299.4,309.4,1326,47.5,35,0,0.0029161589,0
M,300.8,312.0,1422,50.7,219,0,0.15906703,0
H,300.5,310.0,1358,60.4,102,0,0.07903187,0
M,299.8,309.1,1268,58.0,90,0,0.0012210773,0
L,300.8,311.4,1492,40.6,20,0,0.00047014494,0
L,295.9,306.6,1679,30.4,117,0,0.0033121125,0
M,304.0,313.1,1466,39.5,83,0,0.00078535423,0
L,299.1,308.9,1445,43.4,197,0,0.007287908,0
M,296.9,308.1,1440,46.3,64,0,0.0044028712,0
M,298.7,309.6,1452,42.7,180,0,0.0031151597,0
H,302.2,310.9,1415,48.4,185,0,0.09863072,0
M,300.7,309.5,1352,44.0,126,0,0.0023729412,0
M,302.4,310.4,1463,42.2,139,0,0.0021163328,0
L,301.1,311.1,1570,41.6,202,0,0.0012905734,0
L,298.9,310.6,1387,52.7,2,0,0.004108384,0
L,300.7,310.9,1521,39.4,61,0,0.0010283255,0
L,298.2,308.7,1408,40.0,9,0,0.001559342,0
L,300.1,309.6,1565,34.8,32,0,0.0005295259,0
M,298.6,310.1,1458,41.9,61,0,0.00042884282,0
L,303.5,311.6,1428,46.2,139,0,0.06208436,0
L,298.0,308.3,1405,56.2,218,1,0.99319845,1
L,299.4,309.1,1464,40.5,215,0,0.108728,0
L,300.7,310.6,1616,29.6,47,0,0.00088360644,0
M,303.4,312.1,1499,39.4,197,0,0.0012892921,0
M,300.1,310.4,1556,38.1,92,0,0.00067532714,0
L,300.3,311.7,1579,33.6,59,0,0.00021347191,0
L,304.1,313.0,1408,45.3,28,0,0.0028392691,0
M,297.5,308.0,2033,16.7,128,0,0.0023159028,0
H,302.1,310.1,1844,24.6,171,0,0.0007975412,0
L,300.4,311.2,1705,28.7,20,0,0.0012938066,0
L,299.1,308.6,1555,36.6,104,0,0.0007854691,0
L,298.8,310.6,1803,25.4,209,0,0.0778542,0
L,303.0,311.0,1359,44.2,115,1,0.9195616,1
L,298.8,308.8,1991,20.7,59,0,0.0018833257,0
L,297.8,308.9,1530,37.6,106,0,0.0006401995,0
L,299.4,310.4,1509,40.6,175,0,0.0009478999,0
L,298.2,308.4,1512,34.9,181,0,0.0023116055,0
L,300.0,311.3,1407,47.3,208,0,0.46275997,0
L,302.4,311.9,1452,43.1,137,0,0.00068982586,0
H,297.1,307.9,1420,39.8,192,0,0.0021293063,0
L,300.9,309.7,1431,41.4,199,0,0.003681306,0
M,300.0,310.5,1790,25.7,123,0,0.0014678115,0
M,302.4,311.9,1313,55.7,102,0,0.22553237,0
M,302.0,310.6,1563,41.0,184,0,0.0013404922,0
H,298.1,308.9,1388,53.5,83,0,0.0017556103,0
H,298.1,309.1,1425,44.5,49,0,0.0022024654,0
M,299.7,310.3,1661,34.5,6,0,0.0003704664,0
L,297.6,307.1,1496,39.2,12,0,0.00048763142,0
L,300.2,309.8,1827,23.0,6,0,0.0017545918,0
L,297.4,308.7,1638,31.9,131,0,0.00040550035,0
M,300.2,310.2,1628,30.3,27,0,0.000846156,0
M,302.3,311.5,1530,42.3,21,0,0.00018744018,0
L,297.8,307.3,1327,61.0,186,1,0.8100149,1
L,300.2,309.4,1558,38.3,51,0,0.00054428924,0
L,303.7,311.9,1561,33.3,153,0,0.0038598788,0
L,297.6,308.5,1572,35.9,71,0,0.00045591636,0
L,303.9,312.6,1426,53.4,172,0,0.003691136,0
L,298.9,309.8,1396,49.0,13,0,0.011987811,0
M,302.3,311.7,1640,31.5,199,0,0.00020515807,0
L,303.5,312.3,1946,21.1,112,0,0.00077353936,0
M,299.3,310.7,1440,45.5,146,0,0.019019602,0
L,297.5,308.3,1435,40.3,197,0,0.0020855633,0
M,299.7,310.9,1685,32.1,88,0,0.0033272551,0
L,298.2,308.4,1424,47.6,179,0,0.0050200997,0
M,296.2,307.3,1451,42.8,11,0,0.00044678702,0
L,300.7,312.3,1590,36.3,93,0,0.00013013813,0
H,298.8,308.8,1445,49.9,4,0,0.0018935069,0
L,302.7,312.2,1572,34.4,228,0,0.63175535,1
L,301.4,310.8,1770,24.1,112,0,0.0012284976,0
M,300.0,311.5,1451,49.0,115,0,0.0011598875,0
L,300.3,309.3,1478,39.5,180,0,0.0027007586,0
L,301.1,312.2,1397,54.9,81,0,0.0010790501,0
M,299.3,308.5,1304,60.6,8,0,0.022363931,0
M,299.9,310.5,1335,52.9,180,0,0.003534566,0
H,301.0,310.1,1454,44.1,217,0,0.046846364,0
L,298.7,308.4,1373,46.9,60,0,0.004561963,0
L,298.1,309.0,1502,40.9,153,0,0.000700024,0
H,300.5,309.3,1471,45.2,223,0,0.038814038,0
M,303.9,312.9,1430,53.5,189,0,0.003949899,0
L,299.0,308.9,1615,30.6,14,0,0.000671631,0
M,300.0,311.4,1352,61.8,10,0,0.05866594,0
L,299.8,310.4,1579,36.4,0,0,0.00014350227,0
M,302.5,311.0,1387,52.1,116,0,0.021268122,0
H,301.8,310.6,1441,46.3,100,0,0.06601893,0
M,298.9,309.8,1836,22.8,18,0,0.0024449716,0
L,300.1,310.1,1569,43.5,17,0,0.0002206438,0
L,301.0,311.0,1582,37.5,176,0,0.0016609913,0
L,297.5,308.9,1696,30.9,133,0,0.0005246021,0
H,296.9,307.9,1547,32.6,79,0,0.0006586598,0
L,301.8,310.0,2032,19.0,203,0,0.020947643,0
L,298.7,308.5,1353,47.0,190,0,0.036653273,0
L,301.0,311.6,1440,43.3,131,0,0.0016246267,0
L,298.2,307.8,1515,46.7,74,0,0.00092318276,0
L,298.4,308.1,1598,32.7,94,0,0.00055362994,0
L,295.8,306.4,1339,53.2,67,0,0.005834902,0
M,297.9,307.8,1303,59.3,75,0,0.0025433009,0
H,302.3,310.2,1443,54.6,120,0,0.09565458,0
M,297.7,307.2,1372,52.8,33,0,0.0013406192,0
L,297.7,308.9,1516,33.7,92,0,0.00046767786,0
L,297.8,308.4,1374,47.1,150,0,0.002026741,0
L,302.4,311.0,1475,47.9,79,0,0.0048621544,0
L,299.8,310.9,2084,17.6,175,0,0.018415999,0
M,300.7,310.5,1863,22.2,111,0,0.0016834041,0
H,298.8,310.3,1708,27.1,78,0,0.0011315111,0
M,298.7,309.7,1622,34.6,8,0,0.00036239516,0
H,300.1,311.4,1377,56.7,50,0,0.0013822055,0
L,302.5,311.9,1306,59.7,172,0,0.40724555,0
L,302.3,310.9,1545,36.7,18,0,0.0017814145,0
H,303.3,311.8,1806,27.7,44,0,0.0006410965,0
L,296.6,307.6,1671,28.8,108,0,0.0062072542,0
M,297.2,308.2,1678,28.1,133,0,0.0016338768,0
L,300.8,311.6,1568,36.0,23,0,0.0003024594,0
L,295.6,306.1,1372,55.6,215,1,0.97957796,1
L,300.8,311.2,1434,45.6,174,0,0.0035687385,0
L,300.3,311.6,1374,47.4,197,0,0.033842538,0
L,297.4,308.6,1476,42.3,107,0,0.00053107063,0
L,301.8,310.7,1523,43.3,60,0,0.0010481252,0
L,299.8,310.4,1698,28.3,103,0,0.0017117888,0
M,299.5,310.7,1424,41.3,101,0,0.0045117177,0
H,298.0,307.6,1593,32.2,118,0,0.0017725688,0
M,298.3,309.3,1376,57.0,198,0,0.053063285,0
L,297.5,309.4,1803,24.7,98,0,0.0008430864,0
L,297.5,308.4,1433,50.0,218,0,0.79313993,1
M,300.2,309.8,1487,39.2,122,0,0.0013542946,0
H,298.6,309.1,1423,44.3,29,0,0.0052834437,0
L,298.5,309.4,1418,45.1,148,0,0.0071239443,0
L,298.7,309.7,1667,30.4,92,0,0.0026793939,0
L,299.7,309.3,1445,42.6,0,0,0.0010410954,0
M,299.8,309.2,1678,29.8,202,0,0.027941814,0
M,302.0,310.4,1608,33.1,97,0,0.001091581,0
L,298.9,310.1,1523,39.1,53,0,0.0005599321,0
L,303.8,313.1,1422,42.4,152,0,0.003861144,0
M,303.8,312.9,1815,27.8,66,0,0.0008281324,0
L,297.9,307.6,1687,29.1,176,0,0.12185543,0
L,299.9,309.3,1471,41.8,109,0,0.0006055188,0
L,302.6,311.0,1660,38.0,99,0,0.0009020873,0
L,302.2,310.6,1462,43.6,0,0,0.0013514304,0
L,299.5,310.7,1472,40.9,104,0,0.001487987,0
L,304.3,313.5,1802,25.4,170,0,0.0006158979,0
L,300.8,310.2,1492,46.3,187,0,0.0032402633,0
M,300.6,309.5,1530,40.2,93,0,0.0008823587,0
L,303.5,311.7,1620,31.0,141,0,0.00097254297,0
L,297.9,307.9,1412,44.5,85,0,0.001361811,0
L,302.4,311.8,1451,42.0,110,0,0.0010075321,0
L,297.4,308.4,1394,50.1,213,0,0.59209937,1
L,299.0,310.2,1412,44.1,246,0,0.044388197,0
L,300.6,309.6,1426,53.6,66,0,0.009726243,0
L,297.4,308.0,1423,38.0,154,0,0.0017043394,0
